INSERT INTO destination VALUES
(1,'Greece','European country','LOCAL','greek',null),
(2,'Paros','Greek Island','LOCAL','greek',1),
(3,'Sweden','European country' ,'LOCAL', 'swedish',null),
(4,'Stockholm','Capital of Sweden','ABROAD','swedish',3),
(5,'Zakynthos','Greek Island','LOCAL','greek',1),
(6,'Netherlands','European country','LOCAL','dutch',null),
(7,'Amsterdam','Capital of Netherlands','ABROAD','dutch',6),
(8,'Florina','Greek City','LOCAL','greek',1),
(9,'Germany','European country','LOCAL','german',null),
(10,'München','City of Germany' ,'ABROAD','german',9),
(11,'Kriti','Greek Island','LOCAL','greek',1),
(12,'Spain','European country','LOCAL','spanish',null),
(13,'Madrid','Capital of Spain','ABROAD','spanish',12),
(14,'Patra','Greek City','LOCAL','greek',1),
(15,'Italy','European country','LOCAL','italian',null),
(16,'Rome','Capital of Italy','ABROAD','italian',15),
(17,'France','European country','ABROAD','french',null),
(18,'Metsovo','Winter destination of Greece','LOCAL','greek',1),
(19,'Mykonos','Greek Island','LOCAL','greek',1),
(20,'Kalavryta','Winter destination of Greece','LOCAL','greek',1),
(21,'Santorini','Greek Island','LOCAL','greek',1),
(22,'Thessaloniki','Greek City','LOCAL','greek',1),
(23,'Paris','Capital of France','ABROAD','french',17),
(24,'Lyon','City of France', 'ABROAD','french',17),
(25,'Romania','European country','ABROAD','romanian',null),
(26,'Bucharest','Capital of Romania','ABROAD','romanian',25),
(27,'Hungary','European country','ABROAD','hungarian',null),
(28,'Budapest','Capital of Hungary', 'ABROAD','hungarian',27),
(29,'Japan','Asian country','ABROAD','japanese',null),
(30,'Tokyo','Capital of Japan','ABROAD','japanese',29),
(31,'Barcelona','City of Spain','ABROAD','spanish',12),
(32,'Austria','European country','ABROAD','austrian',null),
(33,'Switzerland','European country','ABROAD','french',null),
(34,'Vienna','Capital OF Austria','ABROAD','austrian',32),
(35,'Kefalonia','Greek Island','LOCAL','greek',1),
(36,'Larisa','City of Greece','LOCAL','greek',1),
(37,'Rotterdam','City of Netherlands','ABROAD','dutch',6),
(38,'Geneva','City of Switzerland','ABROAD','French',33),
(39,'Zürich','Capital of Switzerland','ABROAD','German',33),
(40,'Milos','Grekk Island','LOCAL','Greek',1),
(41,'Nauplio','City of Greece','LOCAL','Greek',1);

INSERT INTO branch VALUES
(1,'Ypsilantou',20,'Athina'),
(2,'Karaiskaki',25,'Larisa'),
(3,'Alkaiou',90,'Thessaloniki'),
(4, 'Ermou', 12, 'Patra'),
(5, 'Korinthou', 245, 'Patra'),
(6, 'Panepistimiou', 80, 'Athina'),
(7, 'Papanikoli', 5, 'Athina'),
(8,'Dedalou',12,'Kriti'),
(9,'Zografou',90,'Athina'),
(10,'Egnatia',83,'Thessaloniki');


INSERT INTO phones VALUES
(1,'2104567895'),
(1,'2109567494'),
(2,'2410246791'),
(3,'2314080245'),
(3,'2314546876'),
(4,'2610265748'),
(5,'2610568473'),
(6,'2102018610'),
(7,'2103489765'),
(7,'2103489766'),
(8,'2810553789'),
(9,'2103467110'),
(9,'2100569006'),
(10,'2310628069'),
(10,'2310652351');

INSERT INTO worker VALUES
('DR24794659','Kostas','Poulios',900.85,1),
('DR13750498','Thanasis','Mavridis',1018.90,2),
('DR31850532','Giannis','Georgiou',990.50,3),
('DR46592921','Anastasia','Ioannou',1100.30,4),
('DR53282945','Giorgos','Papas',870.38,5),
('DR76492737','Manolis','Papageorgiou',934.58,6),
('DR89466326','Axilleas','Papadopoulos',1004.87,7),
('DR63589845','Eleni','Tseliou',1150.10,8),
('DR09848474','Patroklos','Anastasiou',1000.48,9),
('DR57458378','Marios','Sarris',987.67,10),
('AD23847631','Anastasis','Dimitriou',965.45,1),
('AD13423435','Maria','Stavrou',1200.80,2),
('AD34845490','Panagiotis','Kapsis',1172.76,3),
('AD46857972','Stella','Dousi',1012.83,4),
('AD54782659','Fwtini','Pariou',1200.59,5),
('AD68472393','Dimitris','Zervidis',956.32,6),
('AD73428904','Nikos','Tsiatras',1404.50,7),
('AD89481307','Areti','Teliou',1397.97,8),
('AD98347934','Parios','Stamoulis',980.63,9),
('AD34873690','Anna','Karaiksou',1500.49,10),
('GU23467823','Giorgos','Katsigiannis',990.54,1),
('GU53805345','Martha','Rinikou',897.41,2),
('GU28601267','Katerina','Vosou',1015.90,3),
('GU45903489','Hlias','Karetakis',1289.75,4),
('GU80552301','Faidra','Giannioti',1228.90,5),
('GU19054232','Aleksandros','Perras',949.67,6),
('GU43965647','Sofia','Ioannou',1030.84,7),
('GU56532085','Giorgos','Manou',1391.30,8),
('GU89905665','Stefanos','Velentzas',941.99,9),
('GU43896521','Katerina','Pouliou',1400.67,10),
('AA10000000','Ioanna', 'Tassopoulou', 800.00,1),
('AB20000000','Konstantinos','Tasios', 900.00,2),
('AC30000000','Giorgos','Papadopoulos', 1000.00,3),
('AD40000000','Dimitris','Xristou', 1100.00,4),
('AE50000000','Axilleas','Giannakopoulos', 1100.50,5),
('AF60000000','Sofia','Kitinou', 1200.00,6),
('AG70000000','Vasilis','Onassis', 1500.00,7),
('AH80000000','Irini','Arpi', 750.00,8),
('AI90000000','Fotis','Papaspirou', 1300.00,9),
('AJ10000000','Andreas','Georgiou', 1400.00,10),
('AK11001100','Maria','Andreou', 850.00, 1),
('AL11110000','Vangelis','Pavlidis', 1000.00,2),
('AM22002200','Giannis','Andrikopoulos', 1050.00,3),
('AN22220000','Vasiliki','Paulidou', 900.00,4),
('AO00330033','Xristina','Drakopoulou', 800.00,5),
('AP33330000','Mixalis','Dimarxou', 1500.00,6),
('AQ00004444','Aggeliki','Giannou', 1350.00,7),
('AR04040404','Petros','Kouroupis', 1200.00,8),
('AS12300000','Paulos', 'Fessas', 1250.00,9),
('AT45600000','Niki','Stergiou', 1400.00,10),
('AU78900000','Stelios','Triantafyllou', 950.00,1),
('AV55005500','Marios','Mitsis', 1000.00,2),
('AW00005555','Thanasis','Niarxos', 1200.00,3),
('AX66660000','Panagiota','Pappa', 1100.00,4),
('AY66006600','Argiris','Raftopoulos', 900.00,5),
('AZ00007777','Anastasia','Spyrou', 1500.00,6),
('BA70707070','Paris','Papanastasiou', 1000.00,7),
('BB88008800','Themis','Kastrinos', 950.00,8),
('BC98989898','Elpida','Mouratidi', 1000.00,9),
('BD00009999','Lefteris','Georgopoulos', 1600.00,10),
('AE23843635','Kostas','Soulis',1900.85,1),
('AT13223433','Thanasis','Zoulas',1900.85,2),
('AE34846481','Evridiki','Georganta',1900.85,3),
('AE46858973','Anastasia','Dimitriou',1900.85,4),
('AK54752059','Errikos','Papas',1900.85,5),
('AT38474390','Dionisia','Mitropoli',1900.85,6),
('AT73348905','Maria','Savou',1900.85,7),
('AH89491399','Nikoleta','Zarixi',1900.85,8),
('AH98047454','Elina','Erisiou',1900.85,9),
('AH34872000','Iokasti','Serri',1900.85,10),
('AS67669800','Anastasis','Divitros',1265.45,1),
('AK90010202','Maria','Safiri',1265.45,2),
('AS00000800','Marios','Kapsis',1265.45,3),
('AS67000000','Anna','Kousi',1265.45,4),
('AS67669801','Fotini','Tarianou',1265.45,5),
('AK90010203','Dimitris','Zinovis',1265.45,6),
('AK90010204','Nikolas','Tsinos',1265.45,7),
('AK90015202','Sofoklis','Kelos',1265.45,8),
('AK90310202','Thodoris','Seretis',1265.45,9),
('AK90010209','Eleni','Karolaki',1265.45,10),
('AR12334560','Giorgos','Terzakis',1289.75,1),
('AS13245678','Manolia','Rekou',897.41,2),
('FD78905633','Katerina','Vaseri',1565.45,3),
('ZH78777645','Aristidis','Kapetanakis',1565.45,4),
('GH90975643','Aria','Gerolidaki',897.41,5),
('XH34566801','Aleka','Petraki',1565.45,6),
('TI35678190','Erinaios','Manousakis',1289.75,7),
('AD13142534','Manolis','Rizakis',897.41,8),
('EA77812030','Stefanos','Koutrakis',1289.75,9),
('HA34262724','Amalia','Zampetaki',1565.45,10),
('IT10000000','Giorgos', 'Mpalas', 2200.00, 1),
('IT20000000','Niki', 'Vavoulioti', 1700.00,2),
('IT30000000','Katerina','Sfendona', 2000.0,3),
('IT40000000', 'Maria', 'Sereti',1800.50, 4),
('IT50000000','Dionisis','Mitropoulos',2300.50,5),
('IT60000000','Pinelopi','Andreou',2100.00,6),
('IT70000000','Sotiris','Stathopoulos',2500.00,7),
('IT80000000','Giannis','Dimitriou',1700.00,8),
('IT90000000','Foteini','Makri',1950.00,9),
('IT11111111','Aristotelis','Jim',2300.00,10); 

INSERT INTO ItBranch VALUES
('IT10000000', 'pass123456', '2021-01-04', '2021-12-12'),
('IT20000000', 'pa21ss7843', '2022-02-05', '2022-08-30'),
('IT30000000', 'wo2846k092', '2021-06-01', '2022-01-01'),
('IT40000000', 'rfkw482084', '2021-03-04', '2021-11-09'),
('IT50000000', 'rnfjsk3003', '2022-04-03', '2022-12-30'),
('IT60000000', 'dkrihbnw31', '2021-09-12', '2022-09-15'),
('IT70000000', 'sdfjl23890', '2018-01-01', '2021-12-01'),
('IT80000000', 'ienvh47832', '2020-04-04', '2021-06-30'),
('IT90000000', '285940hrnw', '2022-02-02', '2022-04-03'),
('IT11111111', '123456789g', '2022-05-06', null);

INSERT INTO driver VALUES
('DR24794659','A','LOCAL',10),
('DR13750498','B','ABROAD',20),
('DR31850532','C','LOCAL',14),
('DR46592921','D','ABROAD',26),
('DR53282945','A','LOCAL',7),
('DR76492737','B','ABROAD',11),
('DR89466326','C','LOCAL',25),
('DR63589845','D','ABROAD',15),
('DR09848474','A','LOCAL',23),
('DR57458378','B','ABROAD',30),
('AA10000000', 'A', 'LOCAL', 5),
('AB20000000', 'B', 'ABROAD',7),
('AC30000000', 'A', 'LOCAL', 10),
('AD40000000', 'B', 'ABROAD',9),
('AE50000000', 'A', 'ABROAD', 3),
('AF60000000', 'C', 'ABROAD',12),
('AG70000000', 'C', 'ABROAD',15),
('AH80000000', 'A', 'LOCAL', 2),
('AI90000000', 'D', 'ABROAD',18),
('AJ10000000', 'D', 'ABROAD',20),
('AR12334560','A','LOCAL','20'),
('AS13245678','A','LOCAL','14'),
('FD78905633','C','LOCAL','33'),
('ZH78777645','B','ABROAD','34'),
('GH90975643','A','LOCAL','12'),
('XH34566801','C','ABROAD','35'),
('TI35678190','B','ABROAD','21'),
('AD13142534','A','ABROAD','10'),
('EA77812030','A','LOCAL','20'),
('HA34262724','A','LOCAL','30');


INSERT INTO guide VALUES
('GU23467823','cv 1.3'),
('GU53805345','cv 2.5'),
('GU28601267','cv 3.5'),
('GU45903489','cv 4.8'),
('GU80552301','cv 5.2'),
('GU19054232','cv 6.7'),
('GU43965647','cv 7.4'),
('GU56532085','cv 8.3'),
('GU89905665','cv 9.3'),
('GU43896521','cv 10.2'),
('AK11001100','cvA'),
('AL11110000','cvB'),
('AM22002200','cvC'),
('AN22220000','cvD'),
('AO00330033','cvE'),
('AP33330000','cvF'),
('AQ00004444','cvG'),
('AR04040404','cvH'),
('AS12300000','cvI'),
('AT45600000','cvJ'),
('AS67669800','CV1'),
('AK90010202','CV2'),
('AS00000800','CV3'),
('AS67000000','CV4'),
('AS67669801','CV5'),
('AK90010203','CV6'),
('AK90010204','CV7'),
('AK90015202','CV8'),
('AK90310202','CV9'),
('AK90010209','CV10');


INSERT INTO languages VALUES
('GU23467823','English'),
('GU53805345','French'),
('GU28601267','German'),
('GU45903489','Chinese'),
('GU80552301','Portuguese'),
('GU19054232','Dutch'),
('GU43965647','Spanish'),
('GU56532085','Swedish'),
('GU89905665','Turkish'),
('GU43896521','Greek'),
('AK11001100', 'Greek'),
('AL11110000', 'Greek and English'),
('AM22002200', 'German'),
('AN22220000', 'French'),
('AO00330033', 'Greek and English'),
('AP33330000', 'Japanese'),
('AQ00004444', 'English'),
('AR04040404', 'Italian'),
('AS12300000', 'Indian'),
('AT45600000', 'Spanish'),
('AS67669800','Spanish'),
('AK90010202','French'),
('AS00000800','Mandarin'),
('AS67000000','Chinese'),
('AS67669801','English'),
('AK90010203','Dutch'),
('AK90010204','Italian'),
('AK90015202','Arabic'),
('AK90310202','Turkish'),
('AK90010209','German');

INSERT INTO trip VALUES
(1,'2023-07-20 08:00:00','2023-07-25 22:00:00',14,399.99,1,'GU23467823','DR24794659'),
(2,'2023-10-13 09:00:00','2023-10-17 23:00:00',20,356.99,2,'GU53805345','DR13750498'),
(3,'2023-08-02 07:00:00','2023-08-07 21:00:00',10,470.99,3,'GU28601267','DR31850532'),
(4,'2023-11-11 11:00:00','2023-11-17 23:00:00',15,499.99,4,'GU45903489','DR46592921'),
(5,'2023-12-02 10:00:00','2023-12-06 22:00:00',17,338.99,5,'GU80552301','DR53282945'),
(6,'2023-03-03 09:00:00','2023-03-07 23:00:00',10,249.99,6,'GU19054232','DR76492737'),
(7,'2023-07-08 21:00:00','2023-07-14 06:00:00',15,596.99,7,'GU43965647','DR89466326'),
(8,'2023-05-30 10:00:00','2023-06-03 20:00:00',15,399.99,8,'GU56532085','DR63589845'),
(9,'2023-02-23 11:00:00','2023-02-26 22:30:00',10,189.99,9,'GU89905665','DR09848474'),
(10,'2023-04-25 15:00:00','2023-04-29 23:00:00',8,339.99,10,'GU43896521','DR57458378'),
(11,'2023-01-03 10:00:00','2023-01-08 23:30:00',60,350.00,1,'AK11001100','AA10000000'), 
(12,'2023-01-29 09:00:00','2023-02-01 21:00:00',52,100.00,2,'AL11110000','AB20000000'), 
(13,'2023-02-12 08:00:00','2023-02-16 20:00:00',58,180.00,3,'AM22002200','AC30000000'), 
(14,'2023-03-01 06:00:00','2023-03-10 15:00:00',65,300.00,4,'AN22220000','AD40000000'), 
(15,'2023-03-13 10:00:00','2023-03-17 21:00:00',25,220.00,5,'AO00330033','AE50000000'),
(16,'2023-05-02 07:00:00','2023-05-05 22:00:00',65,130.00,6,'AP33330000','AF60000000'),
(17,'2023-05-06 08:00:00','2023-05-10 00:00:00',35, 120.00,7,'AQ00004444','AG70000000'), 
(18,'2023-07-02 06:00:00','2023-07-22 19:00:00',55,650.00,8,'AR04040404','AH80000000'), 
(19,'2023-06-08 12:00:00','2023-06-15 23:00:00',40, 340.00,9,'AS12300000','AI90000000'), 
(20,'2023-09-04 12:00:00','2023-09-09 21:00:00',68,140.00,10,'AT45600000','AJ10000000'),
(21,'2023-08-10 08:00:00','2023-08-14 21:00:00',10,699.99,1,'AS67669800','AR12334560'),
(22,'2023-04-13 07:00:00','2023-04-16 20:00:00',15,299.99,2,'AK90010202','AS13245678'),
(23,'2023-07-03 11:00:00','2023-07-10 16:00:00',10,499.99,3,'AS00000800','FD78905633'),
(24,'2023-03-27 12:00:00','2023-04-01 20:00:00',12,499.99,4,'AS67000000','ZH78777645'),
(25,'2022-12-23 10:00:00','2022-12-26 21:00:00',20,299.99,5,'AS67669801','GH90975643'),
(26,'2023-04-03 10:00:00','2023-04-07 23:00:00',10,599.99,6,'AK90010203','XH34566801'),
(27,'2023-05-08 09:00:00','2023-05-14 21:00:00',15,1299.99,7,'AK90010204','TI35678190'),
(28,'2023-03-15 07:00:00','2023-03-20 22:00:00',15,1499.99,8,'AK90015202','AD13142534'),
(29,'2023-06-23 12:00:00','2023-06-26 21:30:00',10,199.99,9,'AK90310202','EA77812030'),
(30,'2023-04-24 09:00:00','2023-04-29 20:00:00',15,199.99,10,'AK90010209','HA34262724');


INSERT INTO travel_to VALUES
(1,2,'2023-07-20 14:00:00','2023-07-25 16:00:00'),
(2,4,'2023-10-13 13:00:00','2023-10-17 19:00:00'),
(3,5,'2023-08-02 08:00:00','2023-08-07 20:00:00'),
(4,7,'2023-11-11 14:30:00','2023-11-17 18:30:00'),
(5,8,'2023-12-02 12:00:00','2023-12-06 20:00:00'),
(6,10,'2023-03-03 11:00:00','2022-03-07 23:00:00'),
(7,11,'2023-07-09 06:30:00','2022-07-13 21:00:00'),
(8,13,'2023-05-30 14:00:00','2022-06-03 16:00:00'),
(9,14,'2023-02-23 13:30:00','2022-03-26 20:00:00'),
(10,16,'2023-04-25 17:00:00','2022-04-29 21:00:00'),
(11,23,'2023-01-03 13:00:00','2023-01-07 08:00:00'),
(11,24,'2023-01-07 09:30:00','2023-01-08 20:00:00'),
(12,18,'2023-01-29 14:00:00','2023-02-01 17:00:00'),
(13,20,'2023-02-12 11:00:00','2023-02-16 16:00:00'),
(14,26,'2023-03-01 09:30:00','2023-03-05 13:00:00'),
(14,28,'2023-03-05 14:30:00','2023-03-10 11:30:00'),
(15,16,'2023-03-13 12:00:00','2023-03-17 18:30:00'),
(16,22,'2023-05-02 13:00:00','2023-05-05 16:00:00'),
(17,19,'2023-05-06 09:00:00','2023-05-10 22:30:00'),
(18,30,'2023-07-03 01:00:00','2023-07-21 23:00:00'),
(19,13,'2023-06-08 15:30:00','2023-06-12 12:30:00'),
(19,31,'2023-06-12 13:30:00','2023-06-15 19:30:00'),
(20,21,'2023-09-04 11:00:00','2023-09-09 20:00:00'),
(21,19,'2023-08-10 13:00:00','2022-08-14 16:00:00'),
(22,34,'2023-04-13 09:00:00','2022-04-16 18:00:00'),
(23,35,'2023-07-03 12:00:00','2022-07-10 15:00:00'),
(24,23,'2023-03-27 15:00:00','2022-04-02 17:00:00'),
(25,36,'2023-12-23 10:00:00','2022-12-26 18:00:00'),
(26,37,'2023-04-03 12:00:00','2022-04-07 21:00:00'),
(27,38,'2023-05-08 13:00:00','2022-05-14 17:00:00'),
(28,39,'2023-03-15 11:00:00','2022-03-20 18:00:00'),
(29,40,'2023-06-23 13:00:00','2022-06-26 20:30:00'),
(30,41,'2023-04-24 12:00:00','2022-04-29 23:00:00');

INSERT INTO reservation VALUES
(1,1,'Thanasis','Papas','ADULT'),
(2,2,'Vaggelis','Antoniou','ADULT'),
(3,2,'Kοnstantinos','Pavlidis','MINOR'),
(4,4,'Iοanna','Fοfitou','ADULT'),
(5,3,'Maria','Androutsou','ADULT'),
(6,6,'Orestis','Pavlopoulos','ADULT'),
(7,4,'Giannis','Paxis','MINOR'),
(8,3,'Eleni','Orfanidou','ADULT'),
(9,4,'Anastasis','Gianniwtis','ADULT'),
(10,5,'Geοrgia','Galani','MINOR'),
(11,2,'Maria','Athanasiou','ADULT'),
(12,2,'Marina','Spiropoulou','ADULT'),
(13,1,'Thanasis','Raftis','ADULT'),
(14,3,'Antonis','Antonopoulos','MINOR'),
(15,2,'Valia','Xatzi','ADULT'),
(16,3,'Ioulia','Vretou','ADULT'),
(17,3,'Ifigenia','Spanou','MINOR'),
(18,1,'Eudokia','Psarou','ADULT'),
(19,2,'Anastasis','Tsallas','ADULT'),
(20,1,'Zoi','Bikou','ADULT'),
(21,1,'MARIA','BOUKI','ADULT'),
(22,1,'EVANTHIA','ZAMPETOU','ADULT'),
(23,2,'EVAGGELOS','KOURIS','MINOR'),
(24,3,'JENIA','AKRISTA','ADULT'),
(25,2,'STELIOS','PAPADOPOULOS','ADULT'),
(26,2,'IOANNIS','DIMITRIOS','ADULT'),
(27,3,'ELPIDA','XIOTI','MINOR'),
(28,1,'ZENIA','ARVAFISI','ADULT'),
(29,1,'MARIOS','KARAISKAKIS','ADULT'),
(30,2,'IRINI','LEVITOU','MINOR');

INSERT INTO event VALUES
(1,'2023-07-22 10:00:00','2023-07-22 12:00:00','Arxaiologiko Mouseio Parou'),
(2,'2023-10-15 11:00:00','2023-10-15 13:00:00','Arxaiologiko Mouseio Vaasa'),
(3,'2023-08-04 12:00:00','2023-08-04 14:00:00','Askos Stone Park'),
(4,'2023-11-15 17:00:00','2023-11-15 19:00:00','Mouseio Annas Frank'),
(5,'2023-12-04 10:00:00','2023-12-04 12:00:00','Arktouros'),
(6,'2023-03-04 18:00:00','2023-03-04 22:00:00','Synaulia'),
(7,'2023-07-10 10:00:00','2023-07-10 12:00:00','Knwsos'),
(8,'2023-05-01 11:00:00','2023-06-01 12:00:00','Volta me touristiko leoforeio'),
(9,'2023-02-23 21:00:00','2023-02-23 00:30:00','Synaulia'),
(10,'2023-04-26 15:00:00','2023-04-26 21:00:00','Volta sto kentro'),
(11,'2023-01-04 12:00:00','2023-01-04 15:00:00', 'Guided tour of the Louvre Museum'),
(11,'2023-01-05 10:00:00','2023-01-05 11:30:00', 'Visit the Eiffel Tower'),
(12,'2023-01-31 13:00:00','2023-01-31 14:30:00', 'Guided tour of the archaeological museum of Metsovo'),
(13,'2023-02-13 08:00:00','2023-02-13 18:00:00', 'Ski resort of Kalavryta'),
(14,'2023-03-01 13:00:00','2023-03-01 15:00:00', 'Visit the famous castles'),
(14,'2023-03-07 12:00:00','2023-03-07 17:00:00', 'Visit the thermal baths in Hungary'),
(15,'2023-03-14 09:00:00','2023-03-14 15:00:00', 'Sightseeing'),
(16,'2023-05-03 12:00:00','2023-05-03 13:00:00', 'Visit Agios Dimitrios church'),
(17,'2023-05-07 00:00:00','2023-05-08 06:00:00', 'Clubbing'),
(18,'2023-07-08 12:00:00','2023-07-08 14:00:00', 'Visit the museums'),
(19,'2023-06-09 10:30:00','2023-06-09 12:30:00', 'Visit the royal palace of Madrid'),
(19,'2023-06-13 11:00:00','2023-06-13 12:30:00', 'Visit the Gaudi House Museum'),
(20,'2023-09-04 18:00:00','2023-09-04 19:30:00', 'Seeing the sunset'),
(21,'2023-08-11 08:00:00','2023-08-11 10:00:00','Episkepsi se arxaiologiko xwro'),
(22,'2023-04-14 17:00:00','2023-04-14 21:00:00','Volta sto kentro tis polis'),
(23,'2023-07-03 18:00:00','2023-07-03 19:00:00','Episkepsi Spilaio Drogkarati'),
(24,'2023-03-29 22:00:00','2023-03-30 02:00:00','Synaulia'),
(25,'2022-12-23 15:00:00','2022-12-23 16:00:00','Arxaio Theatro Episkepsi'),
(26,'2023-04-04 18:00:00','2023-04-04 22:00:00','Synaulia'),
(27,'2023-05-09 10:00:00','2023-05-09 12:00:00','Episkepsi se mouseio'),
(28,'2023-03-16 11:00:00','2023-03-16 13:00:00','Ekthesi paradosiakon edesmaton sto kentro tis polis'),
(29,'2023-06-24 10:00:00','2023-06-24 12:00:00','Volta me touristiko leoforeio stin poli'),
(30,'2023-04-25 21:00:00','2023-04-25 00:30:00','Diaskedasi se nyxterino magazi');


INSERT INTO admin VALUES
('AD23847631','LOGISTICS','Bachelor of logistics management'),
('AD13423435','ADMINISTRATIVE','Bachelor of Business Administration'),
('AD34845490','ACCOUNTING','Bachelor of Mathematical'),
('AD46857972','LOGISTICS','Bachelor of logistics management'),
('AD54782659','ADMINISTRATIVE','Bachelor of Business Administration'),
('AD68472393','ACCOUNTING','Bachelor of Mathematical'),
('AD73428904','LOGISTICS','Bachelor of logistics management'),
('AD89481307','ADMINISTRATIVE','Bachelor of Business Administration'),
('AD98347934','ACCOUNTING','Degree Mathematical'),
('AD34873690','LOGISTICS','Bachelor of logistics management'),
('AU78900000','ADMINISTRATIVE','Bachelor of Business Administration'),
('AV55005500','ACCOUNTING','Bachelor of Mathematics'),
('AW00005555','ADMINISTRATIVE','Bachelor of Business Administration'),
('AX66660000','LOGISTICS','Bachelor of logistics management'),
('AY66006600','ADMINISTRATIVE','Bachelor of Business Administration'),
('AZ00007777','ACCOUNTING','Bachelor of Mathematics'),
('BA70707070','LOGISTICS','Bachelor of logistics management'),
('BB88008800','ACCOUNTING','Bachelor of Mathematics'),
('BC98989898','ACCOUNTING','Bachelor of Mathematics'),
('BD00009999','ADMINISTRATIVE','Bachelor of Business Administration'),
('AE23843635','LOGISTICS','Bachelor of logistics management'),
('AT13223433','LOGISTICS','Bachelor of logistics management'),
('AE34846481','ADMINISTRATIVE','Bachelor of Business Administration'),
('AE46858973','LOGISTICS','Bachelor of logistics management'),
('AK54752059','ACCOUNTING','Bachelor of Mathematical'),
('AT38474390','ACCOUNTING','Bachelor of Mathematical'),
('AT73348905','LOGISTICS','Bachelor of logistics management'),
('AH89491399','ADMINISTRATIVE','Bachelor of Business Administration'),
('AH98047454','ACCOUNTING','Bachelor of Mathematical'),
('AH34872000','ADMINISTRATIVE','Bachelor of Business Administration');

INSERT INTO manages VALUES
('AD13423435',1),
('AD54782659',2),
('AD89481307',3),
('AU78900000',4),
('AW00005555',5),
('AY66006600',6),
('BD00009999',7),
('AE34846481',8),
('AH89491399',9),
('AH34872000',10);

INSERT INTO offers VALUES
(1,'2023-07-20','2023-07-25',250.00,1),
(2,'2023-10-13','2023-10-17',350.00,2),
(3,'2023-08-02','2023-08-07',300.00,3);


